Amplicon	f_primer	r_primer	f_primer_rc	r_primer_rc
16S	GTGYCAGCMGCCGCGGTAA	GGACTACNVGGGTWTCTAAT	TTACCGCGGCKGCTGRCAC	ATTAGAWACCCBNGTAGTCC
18S	GGTGGTGCATGGCCGTTCTTAGTT	TACAAAGGGCAGGGACGTAAT	AACTAAGAACGGCCATGCACCACC	ATTACGTCCCTGCCCTTTGTA
ITS	TAGAGGAAGTAAAAGTCGTAA	CWGYGTTCTTCATCGATG	TTACGACTTTTACTTCCTCTA	CATCGATGAAGAACRCWG
APTA	GGGAGGACGAAGCGGAAC	TGTCGGGCGTGTCTTCTG	GTTCCGCTTCGTCCTCCC	CAGAAGACACGCCCGACA
BF3BR2	CCHGAYATRGCHTTYCCHCG	TCDGGRTGNCCRAARAAYCA	CGDGGRAADGCYATRTCDGG	TGRTTYTTYGGNCAYCCHGA
mlCOIintF-jgHCO2198	GGWACWGGWTGAACWGTWTAYCCYCC	AAACTTCAGGGTGACCAAARAAYCA	GGRGGRTAWACWGTTCAWCCWGTWCC	TGRTTYTTTGGTCACCCTGAAGTTT
rbcla	ATGTCACCACAAACAGAGACTAAAGC	CGGTCCAYACAGYBGTCCAKGTACC	GCTTTAGTCTCTGTTTGTGGTGACAT	GGTACMTGGACVRCTGTRTGGACCG
trnL	CGAAATCGGTAGACGCTACG	GGGGATAGAGGGACTTGAAC	CGTAGCGTCTACCGATTTCG	GTTCAAGTCCCTCTATCCCC
ITS6-5.8S-1R	GAAGGTGAAGTCGTAACAAGG	GCARRGACTTTCGTCCCYRC	CCTTGTTACGACTTCACCTTC	GYRGGGACGAAAGTCYYTGC
